{"mean": [0.34046336768637075, 5365.625803941457, 5454.451276402346, 0.3344341536007413, 344.553594581802, 24.18547901591125, 0.23684737986787147, 190.88926166594825, 1.1169141722626261], "variance": [0.028809523453934952, 63486480.98885154, 39854683.06776653, 0.029067964881361787, 26722.776975109733, 129.61220879031427, 0.08594739395100771, 26517.931318273582, 0.28730048109938683]}